artist_name,genre,style
0.8098887515451174,0.6386326114402253,0.48582718651211804
