artist_name,genre,style
0.7829419035846724,0.7204040011653879,0.5298208640674394
