artist_name,genre,style
0.7433868974042027,0.7030688550063126,0.590200210748156
