artist_name,genre,style
0.7223733003708281,0.6897640089346412,0.5659641728134879
