artist_name,genre,style
0.8358467243510507,0.6734971350878897,0.5586933614330875
