artist_name,genre,style
0.8435105067985167,0.656259104593571,0.49615384615384617
