artist_name,genre,style
0.846229913473424,0.7387103039720306,0.5718651211801897
