artist_name,genre,style
0.826699629171817,0.7381276099834904,0.5775553213909378
