artist_name,genre,style
0.6274412855377008,0.755754103136836,0.4749209694415174
