artist_name,genre,style
0.8665018541409147,0.6929688258716131,0.5798735511064278
