artist_name,genre,style
0.7411619283065513,0.7537632320093232,0.5867755532139094
