artist_name,genre,style
0.8620519159456118,0.7406526172671652,0.5250790305584826
