artist_name,genre,style
0.7710754017305316,0.7647373021268331,0.6095890410958904
