artist_name,genre,style
0.8343634116192831,0.733660289404681,0.520495258166491
