artist_name,genre,style
0.8393077873918418,0.7361852966883559,0.5744994731296101
