artist_name,genre,style
0.6281829419035847,0.769156064873264,0.48366701791359323
